1,sunny
1,forest
1,kids
1,dogs
1,hiking
1,camping
2,cloudy
2,beach
2,kids
2,watersports
2,camping
3,cloudy
3,desert
3,hiking
3,camping
4,sunny
4,mountain
4,camping
4,dogs
4,kids
4,hiking
4,snowsports
5,sunny
5,forest
5,kids
5,dogs
5,hiking
5,camping
6,cloudy
6,beach
6,kids
6,watersports
6,camping
7,cloudy
7,desert
7,hiking
7,camping
8,sunny
8,mountain
8,camping
8,dogs
8,kids
8,hiking
8,snowsports
9,sunny
9,forest
9,kids
9,dogs
9,hiking
9,camping
10,cloudy
10,beach
10,kids
10,watersports
10,camping
11,cloudy
11,forest
11,dogs
11,snowsports
11,hiking
12,kids
13,dogs
13,beach
13,cloudy
14,mountain
15,forest
15,hiking
15,camping
15,horses